event_id,user_id,session_id,event_name,event_timestamp,product_id,search_id,checkout_id,payment_attempt_id,order_id,store_id,screen_name,event_properties
1,49480,119646,app_open,2026-01-01 08:15:27+00:00,,,,,,10.0,launch,{}
2,49480,119646,home_view,2026-01-01 08:15:35+00:00,,,,,,10.0,home,{}
3,49480,119646,search_submitted,2026-01-01 08:15:43+00:00,,1.0,,,,10.0,search,{}
4,49480,119646,search_results_viewed,2026-01-01 08:15:51+00:00,,1.0,,,,10.0,search_results,"{""result_count"":14}"
5,49480,119646,product_viewed,2026-01-01 08:15:59+00:00,490.0,1.0,,,,10.0,product_detail,{}
6,23675,57223,app_open,2026-01-01 08:20:45+00:00,,,,,,3.0,launch,{}
7,23675,57223,home_view,2026-01-01 08:20:53+00:00,,,,,,3.0,home,{}
8,23675,57223,search_submitted,2026-01-01 08:21:01+00:00,,2.0,,,,3.0,search,{}
9,23675,57223,search_results_viewed,2026-01-01 08:21:09+00:00,,2.0,,,,3.0,search_results,"{""result_count"":16}"
10,23675,57223,product_viewed,2026-01-01 08:21:17+00:00,72.0,2.0,,,,3.0,product_detail,{}
11,23675,57223,add_to_cart,2026-01-01 08:21:25+00:00,72.0,2.0,,,,3.0,product_detail,"{""quantity"":1,""unit_price"":152.0}"
12,23675,57223,cart_viewed,2026-01-01 08:21:33+00:00,,,,,,3.0,cart,"{""subtotal"":152.0,""item_count"":1}"
13,74251,179330,app_open,2026-01-01 08:22:36+00:00,,,,,,8.0,launch,{}
14,74251,179330,home_view,2026-01-01 08:22:44+00:00,,,,,,8.0,home,{}
15,74251,179330,category_viewed,2026-01-01 08:22:52+00:00,,,,,,8.0,category,"{""category"":""Packaged foods""}"
16,74251,179330,product_viewed,2026-01-01 08:23:08+00:00,409.0,,,,,8.0,product_detail,{}
17,315,722,app_open,2026-01-01 08:28:38+00:00,,,,,,3.0,launch,{}
18,315,722,home_view,2026-01-01 08:28:46+00:00,,,,,,3.0,home,{}
19,28072,67943,app_open,2026-01-01 08:30:17+00:00,,,,,,5.0,launch,{}
20,28072,67943,home_view,2026-01-01 08:30:25+00:00,,,,,,5.0,home,{}
21,28072,67943,search_submitted,2026-01-01 08:30:33+00:00,,3.0,,,,5.0,search,{}
22,28072,67943,search_results_viewed,2026-01-01 08:30:41+00:00,,3.0,,,,5.0,search_results,"{""result_count"":15}"
23,28072,67943,product_viewed,2026-01-01 08:30:49+00:00,169.0,3.0,,,,5.0,product_detail,{}
24,28072,67943,add_to_cart,2026-01-01 08:30:57+00:00,169.0,3.0,,,,5.0,product_detail,"{""quantity"":1,""unit_price"":46.0}"
25,28072,67943,cart_viewed,2026-01-01 08:31:05+00:00,,,,,,5.0,cart,"{""subtotal"":46.0,""item_count"":1}"
26,35711,86429,app_open,2026-01-01 08:33:50+00:00,,,,,,7.0,launch,{}
27,35711,86429,home_view,2026-01-01 08:33:58+00:00,,,,,,7.0,home,{}
28,23511,56826,app_open,2026-01-01 08:34:45+00:00,,,,,,3.0,launch,{}
29,23511,56826,home_view,2026-01-01 08:34:53+00:00,,,,,,3.0,home,{}
30,23511,56826,category_viewed,2026-01-01 08:35:01+00:00,,,,,,3.0,category,"{""category"":""Packaged foods""}"
31,23511,56826,product_viewed,2026-01-01 08:35:17+00:00,239.0,,,,,3.0,product_detail,{}
32,27225,65922,app_open,2026-01-01 08:37:33+00:00,,,,,,7.0,launch,{}
33,27225,65922,home_view,2026-01-01 08:37:41+00:00,,,,,,7.0,home,{}
34,27225,65922,search_submitted,2026-01-01 08:37:49+00:00,,4.0,,,,7.0,search,{}
35,27225,65922,search_results_viewed,2026-01-01 08:37:57+00:00,,4.0,,,,7.0,search_results,"{""result_count"":12}"
36,27225,65922,product_viewed,2026-01-01 08:38:05+00:00,359.0,4.0,,,,7.0,product_detail,{}
37,27225,65922,add_to_cart,2026-01-01 08:38:13+00:00,359.0,4.0,,,,7.0,product_detail,"{""quantity"":2,""unit_price"":55.0}"
38,27225,65922,add_to_cart,2026-01-01 08:38:21+00:00,362.0,,,,,7.0,product_detail,"{""quantity"":2,""unit_price"":70.0}"
39,27225,65922,cart_viewed,2026-01-01 08:38:29+00:00,,,,,,7.0,cart,"{""subtotal"":250.0,""item_count"":2}"
40,27225,65922,checkout_started,2026-01-01 08:38:37+00:00,,,1.0,,,7.0,checkout,{}
41,27225,65922,fee_breakdown_viewed,2026-01-01 08:38:45+00:00,,,1.0,,,7.0,checkout,"{""handling_fee"":5.0,""delivery_fee"":0.0,""total"":255.0}"
42,27225,65922,payment_attempted,2026-01-01 08:39:12+00:00,,,1.0,1.0,,7.0,payment,"{""method"":""UPI""}"
43,27225,65922,payment_failed,2026-01-01 08:39:15+00:00,,,1.0,1.0,,7.0,payment,"{""failure_code"":""NETWORK_ERROR""}"
44,27225,65922,payment_attempted,2026-01-01 08:39:47+00:00,,,1.0,2.0,,7.0,payment,"{""method"":""netbanking""}"
45,27225,65922,payment_succeeded,2026-01-01 08:39:50+00:00,,,1.0,2.0,,7.0,payment,{}
46,27225,65922,order_placed,2026-01-01 08:39:53+00:00,,,1.0,,1.0,7.0,order_confirmation,"{""order_value"":255.0}"
47,74302,179452,app_open,2026-01-01 08:37:56+00:00,,,,,,5.0,launch,{}
48,74302,179452,home_view,2026-01-01 08:38:04+00:00,,,,,,5.0,home,{}
49,74302,179452,search_submitted,2026-01-01 08:38:12+00:00,,5.0,,,,5.0,search,{}
50,74302,179452,search_results_viewed,2026-01-01 08:38:20+00:00,,5.0,,,,5.0,search_results,"{""result_count"":25}"
51,74302,179452,product_viewed,2026-01-01 08:38:28+00:00,213.0,5.0,,,,5.0,product_detail,{}
52,74302,179452,add_to_cart,2026-01-01 08:38:36+00:00,213.0,5.0,,,,5.0,product_detail,"{""quantity"":1,""unit_price"":84.0}"
53,74302,179452,cart_viewed,2026-01-01 08:38:44+00:00,,,,,,5.0,cart,"{""subtotal"":84.0,""item_count"":1}"
54,74302,179452,checkout_started,2026-01-01 08:38:52+00:00,,,2.0,,,5.0,checkout,{}
55,74302,179452,fee_breakdown_viewed,2026-01-01 08:39:00+00:00,,,2.0,,,5.0,checkout,"{""handling_fee"":5.0,""delivery_fee"":25.0,""total"":114.0}"
56,46192,111650,app_open,2026-01-01 08:38:28+00:00,,,,,,5.0,launch,{}
57,46192,111650,home_view,2026-01-01 08:38:36+00:00,,,,,,5.0,home,{}
58,46192,111650,category_viewed,2026-01-01 08:38:44+00:00,,,,,,5.0,category,"{""category"":""Dairy and breakfast""}"
59,46192,111650,product_viewed,2026-01-01 08:39:00+00:00,481.0,,,,,5.0,product_detail,{}
60,46192,111650,add_to_cart,2026-01-01 08:39:08+00:00,481.0,,,,,5.0,product_detail,"{""quantity"":1,""unit_price"":121.0}"
61,46192,111650,add_to_cart,2026-01-01 08:39:16+00:00,581.0,,,,,5.0,product_detail,"{""quantity"":1,""unit_price"":37.0}"
62,46192,111650,add_to_cart,2026-01-01 08:39:24+00:00,297.0,,,,,5.0,product_detail,"{""quantity"":1,""unit_price"":30.0}"
63,46192,111650,cart_viewed,2026-01-01 08:39:32+00:00,,,,,,5.0,cart,"{""subtotal"":188.0,""item_count"":3}"
64,40138,97038,app_open,2026-01-01 08:42:55+00:00,,,,,,6.0,launch,{}
65,40138,97038,home_view,2026-01-01 08:43:03+00:00,,,,,,6.0,home,{}
66,40138,97038,signup_started,2026-01-01 08:43:11+00:00,,,,,,,signup,{}
67,46282,111874,app_open,2026-01-01 08:44:28+00:00,,,,,,1.0,launch,{}
68,46282,111874,home_view,2026-01-01 08:44:36+00:00,,,,,,1.0,home,{}
69,18294,44151,app_open,2026-01-01 08:44:56+00:00,,,,,,12.0,launch,{}
70,18294,44151,home_view,2026-01-01 08:45:04+00:00,,,,,,12.0,home,{}
71,18294,44151,signup_started,2026-01-01 08:45:12+00:00,,,,,,,signup,{}
72,69724,168392,app_open,2026-01-01 08:46:56+00:00,,,,,,13.0,launch,{}
73,69724,168392,home_view,2026-01-01 08:47:04+00:00,,,,,,13.0,home,{}
74,52742,127513,app_open,2026-01-01 08:49:10+00:00,,,,,,4.0,launch,{}
75,52742,127513,home_view,2026-01-01 08:49:18+00:00,,,,,,4.0,home,{}
76,52742,127513,search_submitted,2026-01-01 08:49:26+00:00,,6.0,,,,4.0,search,{}
77,52742,127513,search_results_viewed,2026-01-01 08:49:34+00:00,,6.0,,,,4.0,search_results,"{""result_count"":22}"
78,19941,48116,app_open,2026-01-01 08:58:51+00:00,,,,,,8.0,launch,{}
79,19941,48116,home_view,2026-01-01 08:58:59+00:00,,,,,,8.0,home,{}
80,19941,48116,search_submitted,2026-01-01 08:59:07+00:00,,7.0,,,,8.0,search,{}
81,19941,48116,search_results_viewed,2026-01-01 08:59:15+00:00,,7.0,,,,8.0,search_results,"{""result_count"":5}"
82,27159,65771,app_open,2026-01-01 09:07:45+00:00,,,,,,3.0,launch,{}
83,27159,65771,home_view,2026-01-01 09:07:53+00:00,,,,,,3.0,home,{}
84,27159,65771,category_viewed,2026-01-01 09:08:01+00:00,,,,,,3.0,category,"{""category"":""Packaged foods""}"
85,13713,33136,app_open,2026-01-01 09:07:51+00:00,,,,,,12.0,launch,{}
86,13713,33136,home_view,2026-01-01 09:07:59+00:00,,,,,,12.0,home,{}
87,13713,33136,search_submitted,2026-01-01 09:08:07+00:00,,8.0,,,,12.0,search,{}
88,13713,33136,search_results_viewed,2026-01-01 09:08:15+00:00,,8.0,,,,12.0,search_results,"{""result_count"":43}"
89,13713,33136,product_viewed,2026-01-01 09:08:23+00:00,360.0,8.0,,,,12.0,product_detail,{}
90,64954,156901,app_open,2026-01-01 09:10:59+00:00,,,,,,4.0,launch,{}
91,64954,156901,home_view,2026-01-01 09:11:07+00:00,,,,,,4.0,home,{}
92,64954,156901,category_viewed,2026-01-01 09:11:15+00:00,,,,,,4.0,category,"{""category"":""Fruits and vegetables""}"
93,64954,156901,product_viewed,2026-01-01 09:11:31+00:00,365.0,,,,,4.0,product_detail,{}
94,64954,156901,add_to_cart,2026-01-01 09:11:39+00:00,365.0,,,,,4.0,product_detail,"{""quantity"":2,""unit_price"":31.0}"
95,64954,156901,add_to_cart,2026-01-01 09:11:47+00:00,156.0,,,,,4.0,product_detail,"{""quantity"":1,""unit_price"":23.0}"
96,64954,156901,add_to_cart,2026-01-01 09:11:55+00:00,109.0,,,,,4.0,product_detail,"{""quantity"":1,""unit_price"":129.0}"
97,64954,156901,cart_viewed,2026-01-01 09:12:03+00:00,,,,,,4.0,cart,"{""subtotal"":214.0,""item_count"":3}"
98,64954,156901,checkout_started,2026-01-01 09:12:11+00:00,,,3.0,,,4.0,checkout,{}
99,64954,156901,fee_breakdown_viewed,2026-01-01 09:12:19+00:00,,,3.0,,,4.0,checkout,"{""handling_fee"":5.0,""delivery_fee"":0.0,""total"":219.0}"
100,64954,156901,payment_attempted,2026-01-01 09:12:46+00:00,,,3.0,3.0,,4.0,payment,"{""method"":""card""}"
